geom_id,year,pop,cl
ZurM,2021,6035,L
ZurM,2021,6059,M
ZurM,2021,2047,H
Ltnp,2021,2905,L
Ltnp,2021,3007,M
Ltnp,2021,720,H
5JhQ,2021,4916,L
5JhQ,2021,2665,M
5JhQ,2021,140,H
KC05,2021,6417,L
KC05,2021,5646,M
KC05,2021,658,H
IsFv,2021,2127,L
IsFv,2021,2073,M
IsFv,2021,1266,H
pMuk,2021,13811,L
pMuk,2021,11461,M
pMuk,2021,1323,H
sTw8,2021,9885,L
sTw8,2021,8180,M
sTw8,2021,1071,H
kQp1,2021,12820,L
kQp1,2021,11201,M
kQp1,2021,1505,H
81FR,2021,9078,L
81FR,2021,8542,M
81FR,2021,1785,H
LMQp,2021,10802,L
LMQp,2021,11540,M
LMQp,2021,2986,H
k3QK,2021,9596,L
k3QK,2021,6840,M
k3QK,2021,648,H
SjoI,2021,30260,L
SjoI,2021,20412,M
SjoI,2021,1749,H
KWe5,2021,18394,L
KWe5,2021,13540,M
KWe5,2021,1272,H
KWH5,2021,7811,L
KWH5,2021,6281,M
KWH5,2021,675,H
iLBD,2021,7696,L
iLBD,2021,6773,M
iLBD,2021,838,H
6J0g,2021,14259,L
6J0g,2021,9929,M
6J0g,2021,949,H
lUwi,2021,1274,L
lUwi,2021,1393,M
lUwi,2021,584,H
yEcr,2021,6939,L
yEcr,2021,5995,M
yEcr,2021,1051,H
N5cz,2021,3313,L
N5cz,2021,3037,M
N5cz,2021,410,H
XCMb,2021,10438,L
XCMb,2021,8261,M
XCMb,2021,862,H
pCik,2021,3712,L
pCik,2021,3349,M
pCik,2021,340,H
AoCs,2021,4602,L
AoCs,2021,3641,M
AoCs,2021,419,H
6X0V,2021,5590,L
6X0V,2021,4021,M
6X0V,2021,4657,H
eVWC,2021,15954,L
eVWC,2021,7550,M
eVWC,2021,7158,H
pQHl,2021,8552,L
pQHl,2021,6689,M
pQHl,2021,6605,H
RH3I,2021,10259,L
RH3I,2021,8804,M
RH3I,2021,5566,H
58bI,2021,14078,L
58bI,2021,11350,M
58bI,2021,3491,H
FpRa,2021,7607,L
FpRa,2021,7014,M
FpRa,2021,1603,H
2BL6,2021,15728,L
2BL6,2021,10162,M
2BL6,2021,2081,H
AeMe,2021,11361,L
AeMe,2021,9393,M
AeMe,2021,1580,H
Gke1,2021,13077,L
Gke1,2021,11880,M
Gke1,2021,8912,H
vl2G,2021,14135,L
vl2G,2021,11519,M
vl2G,2021,4435,H
Cmz5,2021,10658,L
Cmz5,2021,7404,M
Cmz5,2021,1089,H
lNBz,2021,14048,L
lNBz,2021,13066,M
lNBz,2021,5169,H
Dcwn,2021,7288,L
Dcwn,2021,6765,M
Dcwn,2021,1506,H
yIPm,2021,9588,L
yIPm,2021,9353,M
yIPm,2021,5218,H
xDEU,2021,5732,L
xDEU,2021,4674,M
xDEU,2021,2360,H
s6ny,2021,9756,L
s6ny,2021,7482,M
s6ny,2021,2194,H
Yjp3,2021,13511,L
Yjp3,2021,10284,M
Yjp3,2021,1583,H
kAVI,2021,18494,L
kAVI,2021,12689,M
kAVI,2021,2585,H
9L8b,2021,16948,L
9L8b,2021,13666,M
9L8b,2021,3777,H
zYFB,2021,22605,L
zYFB,2021,16391,M
zYFB,2021,2328,H
cEGw,2021,11256,L
cEGw,2021,8991,M
cEGw,2021,2831,H
UK68,2021,9758,L
UK68,2021,9480,M
UK68,2021,5988,H
n0av,2021,4415,L
n0av,2021,4309,M
n0av,2021,4483,H
PufH,2021,19923,L
PufH,2021,18018,M
PufH,2021,6209,H
pQHn,2021,15153,L
pQHn,2021,11882,M
pQHn,2021,2479,H
HZ1I,2021,13682,L
HZ1I,2021,9587,M
HZ1I,2021,3117,H
bq47,2021,8451,L
bq47,2021,8421,M
bq47,2021,5615,H
31yf,2021,16977,L
31yf,2021,14994,M
31yf,2021,2783,H
miYX,2021,16089,L
miYX,2021,11664,M
miYX,2021,1344,H
OyoP,2021,11642,L
OyoP,2021,8639,M
OyoP,2021,1160,H
UK6e,2021,10954,L
UK6e,2021,9710,M
UK6e,2021,5349,H
VM74,2021,9603,L
VM74,2021,7373,M
VM74,2021,1916,H
EwkK,2021,9300,L
EwkK,2021,6077,M
EwkK,2021,1071,H
58bi,2021,15617,L
58bi,2021,7498,M
58bi,2021,587,H
uhUk,2021,12216,L
uhUk,2021,8373,M
uhUk,2021,1569,H
L5gO,2021,13263,L
L5gO,2021,10151,M
L5gO,2021,2799,H
AeM0,2021,19502,L
AeM0,2021,13781,M
AeM0,2021,1982,H
gbTT,2021,13159,L
gbTT,2021,10827,M
gbTT,2021,1549,H
yStd,2021,42376,L
yStd,2021,36908,M
yStd,2021,9591,H
z2Nl,2021,9051,L
z2Nl,2021,7078,M
z2Nl,2021,802,H
cYzD,2021,8975,L
cYzD,2021,6810,M
cYzD,2021,681,H
gzuH,2021,7338,L
gzuH,2021,6543,M
gzuH,2021,973,H
E14h,2021,1575,L
E14h,2021,1354,M
E14h,2021,196,H
Se9I,2021,5018,L
Se9I,2021,4789,M
Se9I,2021,789,H
hdbB,2021,17710,L
hdbB,2021,14802,M
hdbB,2021,1851,H
6zxg,2021,7788,L
6zxg,2021,7908,M
6zxg,2021,1890,H
lb6i,2021,5993,L
lb6i,2021,4936,M
lb6i,2021,336,H
ysKr,2021,14211,L
ysKr,2021,9492,M
ysKr,2021,944,H
gc2H,2021,19150,L
gc2H,2021,16374,M
gc2H,2021,2132,H
Igkv,2021,1537,L
Igkv,2021,1460,M
Igkv,2021,298,H
iMeD,2021,16508,L
iMeD,2021,11117,M
iMeD,2021,1004,H
AiIs,2021,10105,L
AiIs,2021,10166,M
AiIs,2021,3058,H
y85r,2021,15018,L
y85r,2021,11382,M
y85r,2021,1229,H
USIL,2021,11822,L
USIL,2021,11083,M
USIL,2021,3679,H
guYH,2021,8278,L
guYH,2021,6503,M
guYH,2021,629,H
EdJh,2021,30535,L
EdJh,2021,24332,M
EdJh,2021,3095,H
Mi6n,2021,7005,L
Mi6n,2021,6788,M
Mi6n,2021,889,H
rFJC,2021,7992,L
rFJC,2021,6497,M
rFJC,2021,874,H
JwSa,2021,6018,L
JwSa,2021,5580,M
JwSa,2021,730,H
XoTb,2021,2549,L
XoTb,2021,2028,M
XoTb,2021,226,H
